Date,Category,Payment_Mode,Description,Amount_Paid,Cashback
12-03-2025,Groceries,online,Poor source phone go movement.,120.51,9.25
09-02-2025,Statioary,Cash,Officer exist where resource continue house serious cup.,490.1,0
04-12-2024,Bills,online,Fast loss hot whatever.,58.93,8.81
24-03-2024,Bills,Cash,Already responsibility result game ten visit then fight.,155.85,0
07-08-2024,Statioary,Cash,Strong participant general that raise.,193.84,0
28-11-2024,Transportation,Cash,Teacher movement marriage spend computer place.,209.71,0
10-06-2024,Subscriptions,Cash,Fear fact indicate data hope dream.,378.59,0
08-03-2025,Statioary,Cash,Military address economic wear will leader leader.,448.68,0
14-05-2024,Investment,Cash,Stay answer meeting respond grow long even.,429.04,0
18-11-2024,Statioary,online,Service degree heavy together religious baby rest.,471.97,8.42
26-05-2024,Bills,Cash,Why treatment image represent drug various.,67.69,0
30-11-2024,Bills,Cash,Seat baby control work perhaps know.,32.89,0
08-02-2025,Bills,Cash,Writer who leave accept positive.,335.07,0
29-05-2024,Groceries,Cash,Appear remember see center effort Republican significant.,458.96,0
19-03-2024,Groceries,Cash,Central report recognize later religious shoulder cut.,243.77,0
27-02-2025,Transportation,online,Set box get campaign us least.,320.1,0.36
22-08-2024,Bills,online,Glass go word table magazine.,154.89,9.6
02-02-2025,Investment,online,Speak quickly service among explain natural.,294.62,9.71
16-05-2024,Subscriptions,Cash,Among soldier future discussion for feel rather attorney.,338.48,0
18-09-2024,Groceries,online,Memory generation fill candidate nation tough.,174.63,6.99
06-11-2024,Investment,Cash,Point simply across claim.,405.57,0
12-05-2024,Statioary,online,Debate herself shake matter step trial.,211.28,9.91
20-09-2024,Groceries,online,Including away decision since manage rock people.,105.24,4.89
28-08-2024,Investment,Cash,Interest stage focus population from.,70.66,0
12-03-2025,Transportation,online,Teach building animal positive husband.,335.3,9.48
30-11-2024,Transportation,online,Girl exactly myself agency poor stand.,341.85,3.03
27-12-2024,Statioary,online,Popular Mr response more name growth.,481.4,2.47
28-09-2024,Transportation,online,Despite point continue play culture include.,362.99,2.65
19-01-2025,Investment,online,Quickly official against be each.,352.07,1.2
19-11-2024,Bills,online,Window speak price around.,385.18,0.18
15-04-2024,Statioary,Cash,Push chair miss reduce good teach.,353.04,0
03-08-2024,Bills,online,Establish wonder father suggest nice.,331.97,1.37
14-10-2024,Groceries,online,Mean get best market world easy officer.,142.51,9.87
02-06-2024,Subscriptions,online,Listen science model check late policy study have.,331.14,4.59
01-03-2025,Transportation,Cash,Against fire start explain throw their close.,94.51,0
14-08-2024,Subscriptions,online,Focus form star figure.,222.09,4.2
20-03-2024,Transportation,Cash,Concern control development worker.,380.05,0
30-03-2024,Transportation,Cash,True standard board southern then ability energy.,269.93,0
28-12-2024,Bills,Cash,Hard plan make.,93.82,0
19-08-2024,Subscriptions,online,My throughout material election them become movie.,44.04,7.52
09-06-2024,Subscriptions,Cash,Write your policy television notice.,360.43,0
10-07-2024,Subscriptions,Cash,Mr end general sing sport management part under.,459.18,0
25-11-2024,Statioary,Cash,Rule enter according generation she late.,217.34,0
03-04-2024,Investment,Cash,Source second ever however talk ever chair.,349.83,0
10-05-2024,Groceries,Cash,Politics need character under support onto walk.,479.42,0
12-12-2024,Transportation,Cash,Long any kitchen behind star set.,107.79,0
18-04-2024,Transportation,online,Allow though community there study nearly.,230.83,6.27
30-12-2024,Subscriptions,Cash,Project describe thing central begin ago trial.,313.51,0
09-10-2024,Groceries,online,Important light message statement goal.,280.56,5.57
31-12-2024,Transportation,online,Traditional protect subject key describe reason.,406.03,9.07
03-10-2024,Transportation,online,Food fine around middle above field.,403.6,0.64
19-04-2024,Investment,online,Kitchen because feel threat meet.,306.99,6.11
30-09-2024,Investment,Cash,Likely business election show.,284.66,0
12-09-2024,Bills,Cash,Sister sound either hit give interesting defense rather.,186.93,0
11-10-2024,Investment,Cash,Maintain teach wife not wear give.,232.37,0
29-11-2024,Bills,online,Manager even image his trip production.,424.28,3.38
03-11-2024,Groceries,Cash,Dream side role however number.,102.29,0
04-07-2024,Transportation,Cash,Truth him some collection right reduce.,376.52,0
26-01-2025,Transportation,Cash,Future safe such various organization strong.,106.31,0
11-06-2024,Statioary,online,Method rate likely myself which me.,48.42,3.23
22-03-2024,Statioary,Cash,Attorney window nation store improve throw.,407.46,0
17-11-2024,Statioary,online,Space threat receive candidate expert industry including.,479.06,0.1
27-06-2024,Groceries,online,Perhaps near lose fast prevent.,122.01,5.24
12-02-2025,Transportation,online,Work fly involve less writer according.,16.07,5.11
16-12-2024,Transportation,Cash,Series never threat.,442.78,0
17-07-2024,Investment,online,Lay since use information.,418.91,6.75
10-04-2024,Groceries,Cash,Operation surface ago similar skill the.,402.04,0
12-06-2024,Transportation,online,With beautiful business still increase catch.,370.6,6.87
11-03-2025,Groceries,online,Indeed agreement skill store leg chance.,444.44,6.47
20-08-2024,Transportation,Cash,Scene write visit generation happen attorney space.,421.87,0
28-08-2024,Bills,online,Maintain five across site begin identify above.,286.08,8.97
12-04-2024,Transportation,online,Force special smile mean across them stock guess.,483.3,0.27
18-11-2024,Groceries,Cash,Summer authority anything share half kid pull stock.,252.92,0
12-07-2024,Groceries,Cash,Hotel final direction energy structure single.,20.21,0
19-06-2024,Bills,online,Say compare wind college test model business.,340.77,8.19
01-06-2024,Subscriptions,Cash,Leg everything control fill black government movie.,285.27,0
02-08-2024,Investment,online,Sing itself lay less well lay game plant.,154.63,9.91
04-01-2025,Groceries,online,Treatment new write center like.,46.32,4.77
15-09-2024,Investment,online,Million evidence especially social country season simple modern.,361.03,0.39
11-01-2025,Investment,online,Travel ability fall will Republican opportunity shake tax.,169.86,7.66
20-01-2025,Subscriptions,Cash,Color speak former who.,330.76,0
17-11-2024,Statioary,online,Respond lawyer work threat rich difficult.,90.35,2.8
16-07-2024,Bills,online,Why yes happy trouble.,280.99,1.87
23-10-2024,Statioary,Cash,Keep truth six hope they five.,272.73,0
16-02-2025,Bills,Cash,Drive feeling she each address.,162.54,0
10-01-2025,Groceries,online,Data yet also idea hard.,313.83,0.57
19-12-2024,Groceries,online,Less relate exactly computer pay.,331.76,5.55
17-05-2024,Bills,online,Together despite allow front art.,245.03,1.88
27-11-2024,Statioary,Cash,His thing brother above decade.,401.56,0
14-06-2024,Groceries,Cash,Side site I it political instead nation.,38.19,0
03-10-2024,Statioary,online,Right war simple night clearly off.,230.28,4.7
27-12-2024,Transportation,online,Discover nearly friend deep garden read.,338.47,3.07
21-06-2024,Subscriptions,Cash,Operation arm will store nor station.,485.04,0
11-05-2024,Subscriptions,online,Enter box international shake across hear imagine which.,220.6,0.68
16-01-2025,Statioary,Cash,Project well color must situation who of.,294.7,0
11-01-2025,Groceries,Cash,Trade report contain person participant court each.,76.25,0
23-06-2024,Subscriptions,Cash,System artist majority writer education southern fill.,145.72,0
11-04-2024,Transportation,Cash,Put course want team particular term place.,347.5,0
07-11-2024,Statioary,online,Far partner what you laugh soon.,153.38,1.22
14-04-2024,Statioary,Cash,Media operation kid produce would because.,422.01,0
11-03-2025,Subscriptions,Cash,National whether own result.,361.16,0
10-02-2025,Groceries,online,May guy continue share leg.,451.42,9.69
24-01-2025,Investment,Cash,Our including but.,469.58,0
11-07-2024,Statioary,Cash,Design down security somebody some gun happy.,293.62,0
18-11-2024,Statioary,online,Trial game manager be.,15.66,4.27
19-08-2024,Groceries,Cash,Score over certain themselves social.,60.68,0
31-05-2024,Investment,online,Throughout along sport maintain around arm.,96.31,8.32
25-04-2024,Transportation,online,Check through race.,417.02,4.65
12-03-2024,Investment,Cash,Possible security me sea north charge series.,479.88,0
01-11-2024,Transportation,online,Assume phone attack green your.,321.1,7.07
20-11-2024,Investment,Cash,Short share board success financial sell.,274.91,0
01-05-2024,Bills,online,Guy computer together sort.,284.33,4.78
25-01-2025,Bills,online,Pass explain parent wear against speak.,18.06,8.19
27-09-2024,Transportation,online,Human public forward recently research loss find.,228.75,8.89
02-04-2024,Bills,Cash,Theory strong service before camera as time.,69.94,0
20-01-2025,Subscriptions,Cash,No already pick everything thing your note.,22.3,0
07-11-2024,Groceries,Cash,Not water yes charge.,376.23,0
21-12-2024,Subscriptions,Cash,Class time gas loss wait.,362.18,0
25-02-2025,Bills,online,Manager always range sort have character but.,479.61,4.72
06-12-2024,Subscriptions,Cash,Top read behind gas form relate trouble.,462.24,0
18-04-2024,Subscriptions,online,Return training fear probably assume.,354.83,5.18
05-12-2024,Investment,online,Area leave make expert task week red.,420.1,9.7
14-09-2024,Statioary,Cash,Newspaper strategy carry pressure bit fill computer.,214.24,0
02-04-2024,Groceries,Cash,Apply including live arm including.,475.49,0
14-07-2024,Transportation,Cash,Must leave enjoy garden.,215.5,0
13-03-2024,Groceries,Cash,Per how approach.,197.44,0
11-07-2024,Bills,Cash,Far air surface second most soon expect.,20.96,0
20-08-2024,Subscriptions,online,Study green step notice computer.,44.08,6.97
22-09-2024,Bills,Cash,Believe economic term.,396.5,0
21-08-2024,Groceries,Cash,Beyond couple walk look.,277.92,0
03-07-2024,Bills,Cash,Pressure environmental edge animal family else.,268.12,0
26-10-2024,Bills,Cash,Soldier rather for economic audience study tough.,252.24,0
24-11-2024,Subscriptions,Cash,At answer throughout entire.,35.4,0
03-05-2024,Subscriptions,Cash,Impact wall material blue.,413.48,0
06-08-2024,Subscriptions,online,Mention way play continue someone.,229.83,5.16
14-03-2024,Investment,Cash,Production indicate water community remember enjoy.,215.18,0
28-07-2024,Subscriptions,online,Occur check act push.,303.83,8.65
23-03-2024,Groceries,online,Performance seek or speak already.,234.15,8.81
12-02-2025,Subscriptions,online,Rock early drop religious.,273.82,8.09
16-09-2024,Bills,Cash,Relate early suggest best war color.,206.94,0
02-04-2024,Statioary,online,Message term still change begin road.,339.54,2.09
23-12-2024,Transportation,online,Student on face here large another month.,254.09,8.58
03-09-2024,Subscriptions,online,Thing left surface.,61.54,3.03
20-09-2024,Transportation,online,Agent part five grow debate real.,18.62,1.06
26-06-2024,Groceries,Cash,From another scene after.,401.89,0
11-06-2024,Subscriptions,Cash,Product of piece view memory.,113.16,0
29-11-2024,Bills,online,Experience case decade investment player scientist garden.,144.84,1.74
24-09-2024,Subscriptions,online,Environment become which clear decide.,185.28,7.91
27-11-2024,Groceries,Cash,Organization believe husband answer deal time.,340.39,0
25-05-2024,Bills,Cash,Serve draw American.,385.17,0
09-10-2024,Subscriptions,Cash,Especially seven end possible pull.,144.51,0
22-10-2024,Subscriptions,Cash,Player road information few send.,369.57,0
01-11-2024,Groceries,Cash,Fall share risk industry husband.,248.99,0
30-06-2024,Statioary,online,Use put respond current.,117.29,8.5
08-10-2024,Statioary,online,Experience rate require magazine himself system bill.,185.44,1.66
26-10-2024,Investment,Cash,Executive nature east turn staff piece hit.,413.97,0
25-06-2024,Investment,online,Size should save carry evening.,432.42,7.4
10-04-2024,Subscriptions,online,Mrs certainly back.,413.5,2.8
04-12-2024,Transportation,Cash,The seven trade such something.,224.45,0
02-03-2025,Investment,online,Determine energy collection she fight break.,38.92,7.98
09-07-2024,Bills,online,Issue traditional after bag magazine court.,274.42,8.58
01-11-2024,Transportation,Cash,Chance civil accept try however measure.,407.92,0
06-10-2024,Transportation,online,Mrs big deal pay happen Democrat save.,181.85,4.32
10-02-2025,Bills,online,Level east operation forward after.,494.98,5.02
18-09-2024,Statioary,Cash,Traditional soldier possible become.,161.68,0
01-01-2025,Investment,Cash,Indeed behind describe thing first provide song wear.,238.34,0
22-09-2024,Investment,Cash,Order owner establish.,371.99,0
06-10-2024,Bills,online,Area record find method Democrat all nearly.,117.52,4.4
09-01-2025,Transportation,online,Employee will well down capital.,135.22,2.79
02-04-2024,Investment,online,Citizen member over others left blood.,246.09,9.2
22-06-2024,Investment,online,Science painting its center sense.,10.45,7.27
27-10-2024,Statioary,Cash,Church catch group interview.,497.25,0
12-03-2025,Transportation,online,Woman reality television perhaps present.,286.36,2.11
07-08-2024,Subscriptions,online,Able us himself official hard.,463.67,6.16
06-11-2024,Bills,online,Job by anything attack lawyer.,81.92,5.5
08-02-2025,Statioary,Cash,Generation possible late learn fear performance.,70.93,0
24-08-2024,Transportation,online,Cell accept bit their increase add.,167.34,6.51
05-07-2024,Transportation,online,Agreement surface than carry room career scene.,238.57,9.2
22-05-2024,Investment,online,As key key hundred help customer.,169.94,8.59
18-06-2024,Investment,Cash,Ever exactly voice page hospital itself.,413.38,0
20-08-2024,Groceries,Cash,Page state power each community item.,400.4,0
07-10-2024,Groceries,Cash,Toward less yet hold pressure send.,322.98,0
07-08-2024,Transportation,Cash,Term need one former manage early.,124.12,0
02-12-2024,Statioary,Cash,Perhaps different another approach floor.,479.16,0
23-01-2025,Transportation,Cash,Such administration forget eat certainly respond director.,285.64,0
23-12-2024,Bills,online,Bar enough Congress report politics.,56.96,5.95
16-09-2024,Bills,Cash,Camera current any cold ago moment region.,273.88,0
17-09-2024,Groceries,online,Deep direction whether world.,179.31,7.82
18-03-2024,Investment,online,Military herself each center perhaps.,118.62,9.99
28-12-2024,Bills,online,Represent officer past scene where marriage.,307.67,5.44
20-11-2024,Investment,Cash,Property very strong why.,57.7,0
10-05-2024,Bills,Cash,Between especially several staff sort resource.,350.33,0
13-11-2024,Transportation,online,Worry along where agency treatment some because.,311.55,8.89
11-12-2024,Subscriptions,Cash,Describe door firm lot.,235.29,0
11-08-2024,Transportation,online,Far able well can.,387.49,6.35
12-03-2024,Statioary,Cash,Away hour music serious.,348.32,0
11-02-2025,Statioary,Cash,Race federal enter rest would name high.,493.37,0
18-04-2024,Groceries,online,Produce soon break year piece she.,134.64,5.28
07-02-2025,Bills,online,Surface oil enter my.,269.83,0.66
13-08-2024,Subscriptions,online,Sing better child space bill quality participant.,358.48,1.71
14-08-2024,Subscriptions,Cash,Meet up growth American.,279.9,0
29-11-2024,Investment,online,Way election sing fire politics.,63.45,1.55
19-12-2024,Subscriptions,online,Tonight throughout maintain report teach reach.,257.74,5.59
06-10-2024,Transportation,online,Reflect woman join Republican.,201.75,7.21
09-02-2025,Investment,online,All form form relationship.,245.62,4.2
09-11-2024,Subscriptions,online,Ago month computer security yes maybe.,43.46,2.86
07-09-2024,Investment,online,Opportunity language attack throughout.,185.76,9.34
16-07-2024,Subscriptions,Cash,Coach military spend.,236.57,0
29-10-2024,Groceries,online,Change move way you.,159.9,4.05
21-12-2024,Statioary,Cash,Much better blue.,143.55,0
24-10-2024,Subscriptions,online,Help society safe sense nothing.,160.8,2.18
16-02-2025,Bills,Cash,Treatment finish upon impact general.,157.45,0
30-03-2024,Groceries,online,Street true painting example admit support act.,428.85,0.12
25-05-2024,Investment,Cash,Recently I second ask game.,67.65,0
07-05-2024,Statioary,Cash,American face effort add main consumer white.,136.92,0
09-08-2024,Subscriptions,Cash,Drop relate establish people effect yes indicate.,414.31,0
06-02-2025,Statioary,online,Of ask government expert.,296.27,6.48
08-11-2024,Investment,online,Bad fear watch.,371.77,3.63
25-01-2025,Statioary,online,Center thing her they thus happen.,432.12,9.45
19-07-2024,Groceries,online,Pick candidate behind.,499.71,6
31-03-2024,Statioary,online,Approach buy life company now manager return.,82.73,5.23
28-09-2024,Investment,online,Each whether language.,228.06,5.47
22-11-2024,Investment,Cash,One assume at.,143.95,0
04-06-2024,Bills,Cash,Bank contain ability great rest happen name.,411.43,0
01-05-2024,Transportation,online,Morning out fine style almost.,343.99,3.17
18-07-2024,Statioary,online,Bag best sign foot race right put.,430.25,2.93
01-06-2024,Subscriptions,Cash,Health maybe direction follow few collection.,117.43,0
12-12-2024,Transportation,online,System else week picture.,170.57,8.03
13-04-2024,Investment,online,Stock hit forget able within.,264.39,8.2
09-03-2025,Transportation,Cash,During consider tell lead energy law benefit.,18.26,0
18-10-2024,Statioary,online,Travel nothing plant girl arm job.,204.21,7.99
28-11-2024,Groceries,Cash,Citizen pay short join.,463.69,0
26-05-2024,Transportation,Cash,Each fish here describe price box.,403.57,0
20-11-2024,Groceries,online,Evening hotel everything order mouth then fish.,100.44,1.28
05-07-2024,Statioary,online,Sell them fight successful capital travel cut work.,235.93,4.29
04-06-2024,Subscriptions,online,Here back direction friend live likely.,120.72,8.99
15-07-2024,Investment,online,Vote treat floor central report support follow.,315.04,9.75
14-10-2024,Transportation,Cash,Need hand great professional remain movie leave.,460.47,0
17-12-2024,Bills,online,Often up shoulder.,232.7,9.18
04-09-2024,Bills,Cash,Subject true son certainly.,489.32,0
27-06-2024,Statioary,online,Family region man development entire lose this technology.,446.9,3.77
05-10-2024,Groceries,online,Act notice gun group.,362.54,5.55
09-06-2024,Groceries,Cash,Phone fall wear conference various development magazine.,369.02,0
28-04-2024,Transportation,Cash,Subject do least now billion yeah work.,119.03,0
03-09-2024,Bills,online,Including term kind yeah.,390.26,0.64
24-06-2024,Subscriptions,Cash,Woman candidate between shake base Democrat reduce truth.,255.14,0
23-04-2024,Statioary,Cash,Should anyone there moment class surface day.,474.89,0
10-09-2024,Subscriptions,Cash,Crime strategy why main.,296.2,0
03-04-2024,Subscriptions,Cash,Exactly four party push design free age.,17.15,0
22-12-2024,Transportation,Cash,Notice eat consider bar.,73.46,0
23-11-2024,Transportation,online,Company card across indeed stage.,135.17,0.39
13-02-2025,Groceries,online,Care cultural provide general maintain.,443.77,0.18
30-06-2024,Transportation,online,Learn thing design little professor authority.,417.16,6.47
04-10-2024,Bills,Cash,Rather beat new once enough.,152.36,0
29-08-2024,Subscriptions,online,Radio reflect gas north sport hotel fund.,333.58,6.22
02-11-2024,Investment,online,Tend age into game outside strategy pass a.,204.91,5.49
28-01-2025,Statioary,Cash,Cut position establish gas or.,125.14,0
10-12-2024,Bills,online,Likely soldier significant deep campaign state nothing.,415.06,8.33
10-10-2024,Groceries,online,Nor fire expert force worker technology true start.,121.98,4.97
04-09-2024,Subscriptions,online,Itself management for prevent.,397.57,3.26
06-03-2025,Groceries,online,One conference begin statement manager age so.,469.69,1.75
27-09-2024,Transportation,online,Important reduce just develop.,486.94,4.26
27-08-2024,Bills,online,Space ago cover difference point eight.,201.01,9.37
18-07-2024,Bills,online,Race finish manager indicate.,482.12,9.14
13-09-2024,Statioary,online,Wish specific read stay continue worker.,411.49,3.89
23-04-2024,Transportation,Cash,Lead Congress watch challenge glass address.,460.29,0
06-06-2024,Investment,online,Off sort spring individual success use education.,294.84,3.24
07-01-2025,Transportation,online,However your century name.,296.48,0.86
27-01-2025,Transportation,online,Threat election although coach partner.,114.7,2.97
04-12-2024,Statioary,Cash,Job foreign race thousand growth house mouth mention.,259.68,0
02-02-2025,Bills,Cash,Smile game anyone which perform necessary citizen thank.,420.29,0
13-02-2025,Statioary,Cash,Expert political raise style measure.,170.62,0
02-11-2024,Subscriptions,Cash,Hold better sit.,36.21,0
30-09-2024,Groceries,online,A have loss new.,56.44,8.83
12-09-2024,Groceries,Cash,Administration computer our pay crime eye personal.,473.37,0
21-12-2024,Groceries,Cash,Economic stock when attention group ball.,351.55,0
30-04-2024,Bills,online,Audience think other interesting Mr hundred little four.,487.16,1.15
21-06-2024,Investment,Cash,Tend very peace appear.,154.49,0
18-10-2024,Transportation,online,Whether shoulder song answer star dog.,298.04,7.59
16-11-2024,Groceries,Cash,Environment writer detail late.,226.38,0
24-04-2024,Subscriptions,online,Best deal film set.,401.87,4.15
17-09-2024,Bills,online,Onto they event bag free card.,12.52,7.54
30-11-2024,Investment,online,Prevent live decision color consumer another.,382.97,7.21
18-11-2024,Bills,Cash,Education hot individual how explain president find.,197.89,0
24-07-2024,Transportation,online,Act pattern painting send rise.,340.39,1.98
10-06-2024,Investment,online,True power common evening war.,115.32,1.31
23-12-2024,Bills,online,Industry own probably director.,179.16,1.87
01-03-2025,Transportation,online,Day everyone save.,416.09,3.91
25-10-2024,Transportation,online,Name chance morning more memory.,435.43,5.57
03-01-2025,Investment,Cash,Travel tree section believe argue music ask.,392.74,0
20-10-2024,Subscriptions,Cash,Art interview card cut.,139.71,0
27-12-2024,Investment,online,Pay really lead drive decision former.,167.95,2.83
15-12-2024,Subscriptions,Cash,Past election professional policy expect agree him.,491.71,0
21-06-2024,Investment,Cash,Religious check different door break foreign.,78.51,0
08-01-2025,Subscriptions,online,View piece floor north.,43.87,0.74
05-01-2025,Bills,online,Vote situation sometimes friend we usually.,336.69,9.97
13-05-2024,Transportation,Cash,Often face laugh prepare off mind.,479.11,0
12-06-2024,Subscriptions,online,Dream wrong game democratic over story.,200.03,4.63
02-06-2024,Bills,online,Authority late side white agreement movement.,473.5,4.54
01-01-2025,Investment,Cash,Form guy girl expert nothing activity guess.,99.36,0
10-01-2025,Investment,online,Strategy boy which attention well rather sometimes.,483.47,6.36
20-09-2024,Investment,Cash,Area matter air.,454.38,0
31-08-2024,Statioary,online,Both it through Mr.,128.65,2.98
24-12-2024,Transportation,Cash,Tax indicate daughter spend trade fire.,349,0
23-06-2024,Bills,Cash,Rate including real for arm weight.,356.86,0
03-01-2025,Investment,Cash,Today support learn right.,199.1,0
22-12-2024,Subscriptions,online,Yeah change admit such among.,167.24,8.94
15-03-2024,Statioary,online,Large prevent real worker institution.,347.07,7.7
06-05-2024,Groceries,Cash,Apply rise so commercial purpose alone.,159.12,0
12-08-2024,Transportation,Cash,Item leg game director property.,470.84,0
20-10-2024,Statioary,Cash,Military evening end sister carry.,112.03,0
09-09-2024,Subscriptions,Cash,Computer road appear act.,147.31,0
14-08-2024,Investment,Cash,Plant challenge before respond be.,16.29,0
30-08-2024,Statioary,online,Product might science determine those part house.,235.02,6.37
28-11-2024,Bills,online,Same doctor maintain popular whom decision book.,286.14,7.77
20-09-2024,Investment,Cash,Government note article today include sit movement.,287.23,0
07-01-2025,Subscriptions,Cash,Move think question across on.,269.62,0
10-04-2024,Investment,Cash,It account him pattern.,219.67,0
28-03-2024,Groceries,Cash,Meeting shake middle return later heavy.,221.47,0
17-07-2024,Investment,online,Simple can prepare.,135.62,7.99
22-01-2025,Bills,online,Lot stop world Mr.,401.62,0.01
28-05-2024,Groceries,Cash,Employee explain weight security character production simply take.,51.46,0
06-01-2025,Subscriptions,online,Dark job beat.,321.3,9.6
24-07-2024,Subscriptions,Cash,Program recognize crime school end serious plan.,101.67,0
18-01-2025,Subscriptions,online,Green face week appear land safe.,350.03,1.44
17-12-2024,Subscriptions,online,Operation instead artist in.,63.92,3.41
22-10-2024,Subscriptions,online,Positive present six its important upon up.,154.07,1.59
16-04-2024,Groceries,online,Attorney collection bit participant.,326.17,7.27
07-09-2024,Subscriptions,online,Read officer until position.,282.8,2.02
11-04-2024,Investment,Cash,Scientist process young.,382.81,0
09-12-2024,Transportation,online,Under green because guy purpose leg home myself.,483.45,6.03
18-05-2024,Bills,online,Friend memory small kitchen.,67.45,7.32
07-11-2024,Bills,online,Kid wrong mention some.,490.28,7.12
17-06-2024,Subscriptions,online,Sit fine vote draw week network.,452.73,9.68
02-07-2024,Groceries,online,Color expert child view wide choice call.,229.87,6.85
02-01-2025,Bills,Cash,Be about house listen now too.,250.44,0
22-01-2025,Subscriptions,Cash,Model short change under lose.,361,0
06-04-2024,Subscriptions,Cash,Amount loss truth decide write themselves price.,196.78,0
02-02-2025,Groceries,online,Indeed Mrs arm take.,365.63,1.62
05-02-2025,Groceries,Cash,Break never off me.,136.17,0
02-04-2024,Statioary,Cash,Quality under identify idea special its fly provide.,43.63,0
13-05-2024,Transportation,online,A go seat toward.,39.28,3.75
26-09-2024,Subscriptions,online,Industry billion entire several.,294.73,6.89
14-04-2024,Bills,Cash,Bar set task range surface group hold.,307.26,0
01-03-2025,Groceries,online,About send decade budget course.,194.73,1.37
23-10-2024,Statioary,Cash,Student cause what law affect brother.,418.15,0
22-12-2024,Bills,online,Add recently face manager main billion receive.,351.32,6.99
22-03-2024,Investment,online,Attention keep teacher east word force.,51.11,0.99
12-09-2024,Groceries,Cash,Note know continue could.,254.46,0
08-06-2024,Statioary,online,Member important before Mr collection sell add day.,188.8,9.65
12-09-2024,Subscriptions,online,Avoid exist home another possible.,255.23,0.74
16-06-2024,Investment,Cash,Perform idea action someone age tell.,306.63,0
29-01-2025,Groceries,online,Second environmental music manager make bad.,456,9.83
13-06-2024,Investment,online,Store whose chair laugh continue.,94.48,0.56
03-11-2024,Investment,online,Another door simple green talk focus body.,260.88,8.7
18-09-2024,Bills,Cash,Region name against sell to.,427.5,0
03-11-2024,Statioary,Cash,Know research wait policy.,35.16,0
14-11-2024,Groceries,online,Medical long growth news media.,269.97,9.19
11-03-2025,Bills,Cash,Type reduce soon green appear less recently.,88.06,0
16-08-2024,Statioary,online,Card such under grow government head head.,408.89,5.66
08-05-2024,Groceries,Cash,Key natural box TV side real.,423.86,0
14-08-2024,Transportation,online,Last affect too free beautiful story only style.,312.6,9.61
20-10-2024,Investment,Cash,Plant fire physical use well program.,356.04,0
21-04-2024,Investment,online,Never concern product final explain indicate middle.,475.25,8.61
09-01-2025,Bills,Cash,Reach west road nature should ability.,360.2,0
01-01-2025,Statioary,Cash,Wide writer wind cup better bag.,209.8,0
03-08-2024,Groceries,Cash,Trouble decide government positive throw let game.,415.5,0
04-12-2024,Groceries,Cash,Grow music near alone collection rise save base.,379.63,0
18-07-2024,Subscriptions,Cash,Collection class physical fight.,96.5,0
06-05-2024,Bills,Cash,Wrong expect large person although we.,15.66,0
14-12-2024,Subscriptions,Cash,Street eat truth camera difficult play Republican subject.,337.38,0
09-11-2024,Groceries,online,Anything despite person material common argue.,280.57,5.88
16-04-2024,Groceries,online,Majority experience stand doctor him listen tax.,35.35,5.37
07-01-2025,Bills,online,People matter open education staff world fly.,16.75,4.4
24-09-2024,Bills,Cash,Important policy later sure enjoy production memory industry.,333.95,0
16-10-2024,Subscriptions,online,Investment deal concern use fill Congress.,262.57,3.71
20-06-2024,Statioary,online,Answer a list moment.,242.76,1.49
02-09-2024,Subscriptions,Cash,Stay medical scientist example instead team establish.,400.68,0
04-07-2024,Groceries,online,Room describe very spend color high site hold.,206.46,4.32
24-06-2024,Subscriptions,online,Authority add piece wife.,344.35,5.96
15-04-2024,Transportation,online,Tend boy day property.,22.42,9.27
28-01-2025,Groceries,Cash,But attorney PM decade skill building.,414.89,0
27-05-2024,Bills,online,Health financial movie general piece authority.,486.84,7.88
07-03-2025,Investment,online,Guy movement life.,125.59,1.28
18-10-2024,Groceries,online,Country with loss focus cup.,143.1,5.73
28-07-2024,Transportation,Cash,Finally weight store perhaps.,222.41,0
05-07-2024,Bills,online,Campaign by couple short hot send allow.,482.91,3.03
05-02-2025,Statioary,Cash,Half against chance ten.,293.66,0
12-03-2024,Bills,Cash,Worry between product major section single artist.,478.98,0
20-04-2024,Bills,Cash,Tonight owner customer film despite though hope guess.,318.36,0
02-05-2024,Transportation,Cash,Reach impact street offer their two nothing.,129.28,0
01-04-2024,Investment,online,American over respond.,325,3.01
09-05-2024,Groceries,online,Imagine commercial tend state school lawyer federal.,467.07,9.21
19-07-2024,Investment,online,These analysis occur final hand discuss.,333.42,1.71
06-03-2025,Bills,online,Try south off stuff draw fall.,253.95,0.48
29-11-2024,Investment,Cash,Write nation produce seek modern your.,253.33,0
08-11-2024,Statioary,online,Since our smile finish than value.,436.06,1.51
24-05-2024,Transportation,Cash,Lot them responsibility maybe best outside.,416.44,0
02-03-2025,Transportation,Cash,Life especially election no agree.,262.54,0
17-02-2025,Groceries,Cash,Opportunity either able their mind.,247,0
06-03-2025,Groceries,online,Gas chair family support common despite suffer.,455.9,1.77
12-09-2024,Subscriptions,online,With far enter hotel cost someone story.,397.77,6.26
14-08-2024,Bills,online,Stage century art at recently very.,394.86,4.78
29-03-2024,Bills,online,Movement military drop trial drop.,476.92,9.44
16-05-2024,Statioary,online,Artist nothing general ever training good.,284.69,5.14
01-03-2025,Transportation,online,Road season still impact truth.,376.06,9.56
12-05-2024,Investment,online,Cup well television hope statement usually few together.,101.58,3.19
16-02-2025,Investment,online,Realize wear listen front.,292.04,3.58
07-06-2024,Statioary,online,Summer leg affect friend.,383.07,4.53
09-12-2024,Statioary,Cash,Face mention time these low allow.,454.5,0
12-03-2025,Bills,online,Back if degree board guess thank box.,11.36,7.53
27-06-2024,Subscriptions,online,Bag perhaps thank.,398.32,3.66
01-02-2025,Subscriptions,Cash,Budget degree sound think whatever suffer chance.,93.95,0
13-08-2024,Investment,online,Part party month need leg.,130.06,7.41
19-06-2024,Groceries,Cash,Any society main part describe.,127.19,0
27-07-2024,Subscriptions,online,Gun movement range interview poor trial reality.,16.35,0.29
03-10-2024,Subscriptions,online,All son couple environmental.,379.92,9.75
28-12-2024,Investment,Cash,Consider despite customer pretty.,368.86,0
01-10-2024,Statioary,Cash,Report walk expert officer unit outside nothing.,373.39,0
13-08-2024,Bills,online,Hold short teach sure common relationship difference.,357.29,4.33
13-01-2025,Statioary,Cash,Off director service maintain address any although.,143.19,0
01-10-2024,Groceries,Cash,Notice performance generation network wide.,476.95,0
14-05-2024,Bills,Cash,Foot room two generation reason service.,87.76,0
25-10-2024,Bills,online,Physical hear window above country.,195.15,7.1
26-04-2024,Groceries,online,Alone score baby force.,218,0.81
20-09-2024,Transportation,Cash,Attorney bank interesting hard why blood stage.,362.17,0
14-12-2024,Subscriptions,Cash,Enough college easy among.,484.65,0
05-05-2024,Investment,online,Them increase election opportunity not assume summer doctor.,424.82,0.17
18-09-2024,Statioary,online,Consider easy environmental year place forward marriage represent.,175.53,9.03
11-11-2024,Groceries,Cash,Weight learn poor become decision even according.,157.77,0
29-01-2025,Investment,Cash,Individual answer yet edge sell yet factor.,250.97,0
06-12-2024,Transportation,Cash,Series section glass.,280.46,0
13-07-2024,Bills,Cash,Participant however tend one hot attack air last.,273.56,0
21-08-2024,Transportation,Cash,One close I thousand fish political early respond.,256.77,0
09-09-2024,Investment,Cash,World maybe natural to chance.,216.35,0
28-07-2024,Bills,Cash,Treat force base.,282.19,0
01-09-2024,Subscriptions,Cash,Second career approach agent determine perform.,253.86,0
14-05-2024,Transportation,online,Enough idea ok rate.,381.06,6.44
28-11-2024,Subscriptions,Cash,Per million ask meet kitchen of.,407.3,0
09-05-2024,Subscriptions,online,Always there loss task central mention computer.,202.84,3.8
11-10-2024,Statioary,Cash,Total high military ok.,207.89,0
28-10-2024,Subscriptions,Cash,Their wait way believe game idea.,323.96,0
12-01-2025,Statioary,Cash,Of foot threat mean.,446.73,0
04-11-2024,Statioary,Cash,Whose home nice yet mouth family.,102.25,0
17-07-2024,Transportation,Cash,Truth want agency mean give share oil.,242.02,0
19-09-2024,Subscriptions,Cash,Good home military thought scientist any defense.,340.08,0
18-07-2024,Statioary,Cash,Daughter another group join save ability former.,431.2,0
27-02-2025,Bills,Cash,Action close black true leg.,291.12,0
20-03-2024,Statioary,Cash,Drop choice possible worker against most already.,19.56,0
30-11-2024,Statioary,Cash,Late organization his total police scientist.,446.76,0
18-01-2025,Transportation,online,City modern least stuff ten just must.,379.78,3.16
01-07-2024,Groceries,online,Movie consumer increase many others.,64.49,1.89
29-12-2024,Groceries,online,Tell central property more interview everything.,133.64,1.95
23-03-2024,Transportation,Cash,Him husband truth night another daughter.,99.91,0
01-12-2024,Transportation,Cash,Section possible wait heart rate dinner yourself.,486.71,0
11-11-2024,Transportation,online,Operation way spend final condition night business.,447.38,0.57
07-11-2024,Transportation,online,Daughter play describe level will ten.,468.18,0.04
26-06-2024,Investment,Cash,Artist maintain if than everyone.,399.05,0
21-04-2024,Transportation,Cash,Issue hot must day foot something if.,196.86,0
26-08-2024,Transportation,online,Present probably feel loss consumer true miss.,149.65,1.35
17-07-2024,Subscriptions,online,Such ground election different.,308.67,2.56
04-09-2024,Transportation,online,Detail care practice son.,459.99,5.5
10-07-2024,Groceries,Cash,Business begin material clearly result name.,187.78,0
25-06-2024,Subscriptions,Cash,Break claim point must forward street.,371.1,0
04-05-2024,Subscriptions,online,Turn one information parent room final gun.,55.82,3.99
14-08-2024,Subscriptions,online,Admit until continue budget friend boy benefit.,124.63,5.29
19-07-2024,Bills,Cash,Hour baby officer reality resource.,244.63,0
27-05-2024,Statioary,Cash,Control bad race.,341.67,0
10-01-2025,Transportation,online,Beat finally yes.,452.8,3.09
13-05-2024,Investment,Cash,Life line try.,120.78,0
05-12-2024,Bills,online,Anything by turn entire place think.,385.49,3.81
22-01-2025,Statioary,Cash,Region beat especially ability real.,52.33,0
27-09-2024,Investment,Cash,Line magazine give grow identify.,232.12,0
06-02-2025,Bills,online,See return city fish they south data.,291.62,8.55
09-07-2024,Statioary,Cash,Pretty half discover billion support.,36.19,0
13-01-2025,Transportation,online,National particular charge deal above be level.,264.69,9.34
14-01-2025,Groceries,Cash,Purpose ahead one rest realize.,317.38,0
21-11-2024,Transportation,Cash,Maintain positive answer answer.,215.93,0
13-03-2024,Groceries,online,Hold country film matter security.,444.89,6.22
15-03-2024,Groceries,online,Woman miss available.,301.81,5.95
28-10-2024,Bills,online,Must suffer hour coach individual group.,326.2,4.91
20-03-2024,Investment,Cash,Then popular base.,140.1,0
05-11-2024,Bills,online,A bag consider usually political.,226.42,9.4
13-01-2025,Statioary,Cash,Writer hold mind number couple reality degree cause.,329.38,0
21-11-2024,Subscriptions,online,Draw dark office year will.,258.5,7.74
31-07-2024,Investment,online,Visit next despite next effort in.,300.3,8.3
19-01-2025,Statioary,online,Growth three house.,479.87,5.64
09-08-2024,Subscriptions,Cash,Once role point because west morning take.,275.97,0
31-05-2024,Statioary,Cash,Kitchen window series way our some thought.,144.06,0
25-08-2024,Bills,online,People hold personal later agreement.,86.04,9
06-05-2024,Statioary,Cash,Right already hundred free imagine why.,62.82,0
07-08-2024,Transportation,online,Fear pretty seem job social area necessary.,68.03,5.12
06-06-2024,Bills,online,Democrat four mind next within.,419.28,7.23
07-04-2024,Groceries,Cash,Indeed ok public card.,203.19,0
09-10-2024,Transportation,Cash,Perhaps four those.,385.17,0
10-06-2024,Investment,Cash,Back claim according green response recent.,208.28,0
05-02-2025,Bills,online,How sport discover important.,156.76,9.91
08-07-2024,Investment,Cash,North sign whole leave since throughout tend.,29.16,0
09-04-2024,Statioary,Cash,Act various need safe successful particularly.,246.63,0
30-01-2025,Groceries,online,Good professor field order.,372.18,3.76
21-02-2025,Investment,online,Start near experience per store into watch democratic.,136.29,4.04
19-02-2025,Bills,online,Interesting such close trip national name.,106.02,2.01
18-12-2024,Investment,online,Loss compare into contain.,114.26,7.5
08-08-2024,Investment,online,Thing consumer once improve.,417.64,2.88
23-09-2024,Statioary,Cash,Almost lawyer party also red.,330.09,0
23-11-2024,Bills,Cash,Important town answer.,220.88,0
13-11-2024,Investment,Cash,Might serious protect fall.,493.14,0
16-12-2024,Transportation,Cash,Religious discover change dream ground.,489.01,0
30-01-2025,Transportation,Cash,Although often cold seem area.,225.52,0
13-12-2024,Investment,online,Never clear else already west order.,140.03,0.73
25-11-2024,Investment,Cash,According assume real admit may.,371.25,0
24-10-2024,Investment,Cash,Away term blood student discussion face cup.,344.01,0
15-02-2025,Bills,online,Strong seven community gas concern majority born space.,320.28,0.88
16-09-2024,Investment,Cash,Others travel over.,277.46,0
15-10-2024,Transportation,online,Condition government help region issue vote movement scientist.,459.88,6.75
07-12-2024,Bills,Cash,End recently study teach bring ago high.,442.99,0
04-06-2024,Investment,Cash,About class because state administration.,308.55,0
19-10-2024,Transportation,online,Region data fish quality home know.,121.3,4.66
30-12-2024,Subscriptions,Cash,Hundred if hour you.,68.26,0
19-10-2024,Transportation,Cash,Past baby treatment box.,91.77,0
02-03-2025,Bills,Cash,Enough pattern daughter police statement.,117.24,0
06-07-2024,Investment,online,Medical car hour campaign.,196.07,4.45
04-06-2024,Groceries,Cash,Cold table student get fall opportunity.,268.07,0
10-01-2025,Groceries,online,Material today edge development protect green.,479.79,9.43
15-01-2025,Transportation,online,Election safe need seven with.,36.53,2.94
09-09-2024,Statioary,online,Herself level same probably stuff small community.,36.02,0.4
14-06-2024,Groceries,online,Generation policy number participant involve want direction.,339,1.14
25-07-2024,Statioary,Cash,Deal prevent door alone to.,253.63,0
10-05-2024,Investment,online,Next population customer capital person television.,243.7,7.23
23-09-2024,Statioary,Cash,Author morning important race recently.,49.11,0
15-07-2024,Subscriptions,Cash,Air small job near there.,176.67,0
21-03-2024,Bills,Cash,Hit fund coach should both.,185.42,0
28-05-2024,Transportation,online,Claim natural just off organization nation.,427.7,8.18
17-11-2024,Bills,Cash,Wonder defense Congress picture man.,455.15,0
10-04-2024,Investment,Cash,Scene image involve response good each increase.,50.18,0
04-08-2024,Subscriptions,Cash,Able manage talk win memory understand itself.,300,0
01-11-2024,Groceries,Cash,Bit attack drive according watch mouth offer low.,335.98,0
01-12-2024,Investment,Cash,Environment base order any point news to.,131.37,0
01-12-2024,Transportation,online,Young popular buy game manager feel.,43.67,3.01
10-01-2025,Transportation,Cash,Indicate current imagine part idea.,253.55,0
16-12-2024,Groceries,online,Nice forward prove why.,348.01,7.31
16-08-2024,Transportation,Cash,Child message spring leave.,157.62,0
30-07-2024,Transportation,Cash,Indeed country example place.,419.04,0
25-09-2024,Subscriptions,Cash,Party way should program billion.,300.64,0
03-11-2024,Groceries,Cash,Still meeting finally name like green voice laugh.,308.98,0
27-04-2024,Groceries,Cash,Contain responsibility cultural fund.,442.69,0
25-10-2024,Transportation,online,Should high religious public.,225.43,7.62
18-12-2024,Groceries,Cash,Order would old operation within.,113.45,0
26-01-2025,Investment,Cash,Might including write outside improve.,330.84,0
12-02-2025,Subscriptions,Cash,National such from conference.,399.78,0
08-10-2024,Groceries,online,Subject within care some deep face.,78.26,7.45
06-12-2024,Transportation,online,Security question operation job wonder.,113.48,5.96
05-04-2024,Bills,online,Ever between really on big.,284.5,2.04
01-06-2024,Investment,online,Peace card commercial clearly.,78.91,1.12
25-02-2025,Subscriptions,online,New deal end carry partner.,467.46,5.11
18-08-2024,Subscriptions,online,Account artist card table program recognize.,462.67,7.85
07-09-2024,Bills,online,Travel someone senior.,127.69,8.11
03-11-2024,Statioary,online,Feeling night able.,218.88,7.15
18-07-2024,Investment,online,Event understand matter wife into break.,353.5,1.22
18-06-2024,Transportation,online,Free finally reduce.,228.42,7.09
28-12-2024,Groceries,Cash,Everyone kind hand fact play every husband.,87.97,0
15-06-2024,Groceries,Cash,Interest benefit by require court.,95.73,0
02-06-2024,Subscriptions,Cash,Name trial city save.,347.24,0
21-12-2024,Bills,online,Security human accept want.,330.22,2.17
03-01-2025,Investment,online,Consider hour interest carry other wait.,39.93,7.21
04-12-2024,Investment,online,Least political inside product movie.,226.87,9.21
21-04-2024,Transportation,online,Statement three almost writer finally one.,172.75,3.15
03-05-2024,Groceries,Cash,Later than understand family major understand.,85.35,0
14-06-2024,Subscriptions,online,Fly baby east window see item week.,385.89,2.66
08-07-2024,Statioary,Cash,Series such very pass believe.,436.45,0
21-04-2024,Statioary,online,However know character contain.,373.44,8.78
19-11-2024,Transportation,Cash,Wind likely different response.,320.84,0
05-07-2024,Statioary,online,Pm mouth without modern benefit ground.,374.81,5.22
20-10-2024,Investment,online,After difference my can week continue hair.,203.45,7.53
03-05-2024,Investment,Cash,Eye usually wide everybody light.,153.16,0
11-05-2024,Bills,Cash,Head PM remember tough first wonder seven guess.,295.35,0
17-01-2025,Subscriptions,Cash,Guess eye stuff large seem song.,448.72,0
25-01-2025,Subscriptions,Cash,Across major social road trip.,309.71,0
27-05-2024,Bills,online,Major seem article financial network.,478.38,1.77
01-04-2024,Subscriptions,Cash,Blood woman describe back.,10.79,0
07-10-2024,Investment,online,Check knowledge use budget until.,76.84,4.64
09-10-2024,Bills,online,Sea bank main.,404.71,2.77
24-03-2024,Bills,Cash,Rest morning claim government know lot.,494.49,0
16-09-2024,Subscriptions,online,Or enter difficult feeling art side.,480.9,1.14
04-02-2025,Transportation,Cash,Thank reduce get course war involve total.,251.25,0
29-12-2024,Subscriptions,online,Lose month seek impact rule four.,215.16,0.36
31-07-2024,Transportation,online,Left every right they difference.,354.39,3.83
30-06-2024,Bills,online,Either difficult spring.,332.18,7.85
30-05-2024,Investment,Cash,Age respond agent describe peace collection hard.,68.63,0
01-12-2024,Investment,Cash,Become specific region respond maybe themselves.,447.24,0
23-08-2024,Transportation,online,Try fast rather worker author power sing.,201.34,8.81
19-09-2024,Subscriptions,online,Woman risk serve reach.,396.27,1
28-05-2024,Statioary,online,Art end dog station coach thus stock.,198.44,1.11
14-03-2024,Groceries,Cash,Mission gas ask see decision again.,467.08,0
22-03-2024,Bills,Cash,Second decade nearly student charge impact.,376.63,0
26-11-2024,Transportation,Cash,View suddenly seat indeed deep would food term.,295.3,0
21-09-2024,Statioary,Cash,Fast reduce apply bed number.,482.75,0
26-07-2024,Transportation,online,Type majority after science buy.,21.73,2.56
04-01-2025,Investment,online,Fill face paper TV discuss.,55.64,5.92
19-12-2024,Bills,Cash,Ten southern then peace.,483.61,0
20-03-2024,Investment,online,Middle beautiful series public require phone.,145.36,7.67
02-02-2025,Transportation,online,Security society list marriage chance order cause in.,153.68,8.55
17-01-2025,Transportation,online,Three senior store vote military information.,313.03,9.09
13-06-2024,Investment,online,Mr once recently better.,126.44,6.05
08-12-2024,Investment,Cash,Leader state be box break heavy.,427.92,0
18-02-2025,Investment,Cash,Word agency bring until.,34.77,0
26-02-2025,Bills,online,Include structure if economic probably state night.,30.36,9.04
16-03-2024,Transportation,online,Goal lay magazine owner type.,298.36,3.17
04-06-2024,Investment,online,Treatment prepare other seat news question.,365.67,0.63
20-05-2024,Investment,online,Research spring daughter medical another instead.,415.11,4.44
22-12-2024,Statioary,Cash,Gas want purpose.,431.97,0
17-04-2024,Groceries,Cash,True least miss nation soldier deal pick.,237.2,0
31-12-2024,Subscriptions,Cash,Same memory herself.,247.19,0
07-09-2024,Investment,online,End plan management present single.,107.85,9.33
31-03-2024,Statioary,online,Say study protect stop blue.,277.45,8.16
24-08-2024,Transportation,Cash,Many network discover fund fact they Mr science.,281.9,0
21-01-2025,Groceries,Cash,Information do resource glass.,127.7,0
15-02-2025,Investment,online,Race hour step reach former food.,243.64,2.1
06-08-2024,Investment,online,Gas person truth executive level artist somebody middle.,204.34,6.54
17-05-2024,Investment,Cash,My among other join.,218.55,0
12-06-2024,Groceries,Cash,Her require note my city range.,323.25,0
24-10-2024,Groceries,online,Interesting strategy work degree act.,121.87,8.96
16-04-2024,Investment,online,Institution friend far issue.,324.59,0.65
14-09-2024,Transportation,online,Small role sort trade low election level.,238.61,9.77
07-12-2024,Statioary,Cash,Like act note business special at collection.,203.11,0
30-06-2024,Investment,Cash,Hit move who camera.,386.11,0
28-02-2025,Transportation,Cash,Serious entire wall shake.,403.87,0
01-02-2025,Bills,Cash,Meeting car positive with during set.,206.21,0
05-12-2024,Subscriptions,online,Wife help life food.,103.74,3.25
25-11-2024,Transportation,online,Everybody a audience some.,313.16,7.73
07-12-2024,Bills,online,Each can list eight large return population evening.,11.2,3.97
17-08-2024,Groceries,online,Until subject card establish force we political.,45.64,1.99
13-03-2024,Bills,online,Prove consumer nothing must.,364.43,5.01
19-11-2024,Subscriptions,online,Want almost bar sound.,287.31,2.02
15-05-2024,Investment,online,Break Congress great series effect reach method.,426.64,3.16
04-04-2024,Subscriptions,Cash,Ability employee send you power.,217.27,0
29-09-2024,Investment,online,Goal heart production radio group trip.,409.62,6.39
17-02-2025,Transportation,online,Prevent never skill produce.,106.14,5.93
18-08-2024,Transportation,online,Cultural total kitchen thank he.,109.95,5.63
28-03-2024,Subscriptions,Cash,Machine week alone.,293.03,0
04-12-2024,Transportation,online,Color toward travel audience issue time.,132.61,0.74
07-04-2024,Groceries,online,Wear worker successful everyone.,280.15,6.52
06-01-2025,Subscriptions,online,Moment manager beautiful approach.,251.17,4.22
08-11-2024,Subscriptions,Cash,Right loss capital population.,226.56,0
28-03-2024,Statioary,Cash,Size red former level.,347.52,0
07-10-2024,Groceries,online,Staff later actually energy dinner.,160.07,5.36
09-09-2024,Statioary,Cash,Chance leg quality natural answer.,261.08,0
03-09-2024,Subscriptions,Cash,Future guy appear address according admit.,487.27,0
19-04-2024,Transportation,Cash,Institution foreign note success speak.,77.35,0
28-10-2024,Transportation,online,Back miss car explain food despite late.,457.61,0.29
31-05-2024,Transportation,Cash,Best hear cause indicate.,174.58,0
10-01-2025,Bills,Cash,Hand guy water short thousand artist garden.,143.02,0
19-08-2024,Groceries,Cash,Machine soldier above member performance hundred.,178.68,0
31-07-2024,Investment,online,Several clear as very check check side.,383.14,9.25
18-07-2024,Transportation,online,Door respond information series.,284.99,7.34
05-04-2024,Investment,online,Worry think mention stage.,382.51,2.11
22-10-2024,Bills,online,Item growth no nothing hand too.,264.25,2.71
05-06-2024,Groceries,online,Too several leader doctor article dark.,38.91,4.51
25-07-2024,Bills,Cash,Suffer true seem improve board.,372.45,0
31-01-2025,Subscriptions,online,Smile watch knowledge discover scene.,109.64,5.92
01-04-2024,Statioary,online,Life large shake think between.,153.23,6.71
28-08-2024,Bills,online,Various note must happy especially religious government.,264.27,4.93
30-03-2024,Investment,online,Against value them player would.,459.49,8.36
30-08-2024,Groceries,Cash,Hour sense since candidate.,341.67,0
21-08-2024,Investment,online,Degree economic prepare news window treat early person.,185.96,4.1
30-07-2024,Statioary,online,Reduce friend question clearly idea.,489.6,0.22
10-09-2024,Groceries,online,Book street must southern.,256.43,6.64
11-01-2025,Investment,Cash,There where station card nothing now.,201.65,0
12-10-2024,Groceries,Cash,Voice pass money religious story article.,289.25,0
04-07-2024,Groceries,Cash,Police total management.,441.37,0
13-05-2024,Investment,Cash,Today attack lay dream.,353.27,0
08-06-2024,Statioary,online,Likely service knowledge including pay of factor.,57.87,0.21
03-12-2024,Investment,Cash,Us style future night the line involve join.,52.33,0
28-12-2024,Subscriptions,online,Society people relationship dog rest.,465.58,1.84
19-01-2025,Statioary,online,These always spend also science or.,96.8,6.63
23-05-2024,Bills,online,Green law level together best environment cup.,160.36,3.16
12-10-2024,Investment,Cash,About consider claim lay place military.,277.89,0
09-01-2025,Statioary,online,Film market number.,129.89,0.98
30-01-2025,Subscriptions,Cash,Food raise them sound affect.,50.85,0
21-12-2024,Groceries,online,Page member occur himself maintain offer.,144.69,5.06
26-03-2024,Groceries,online,Occur series kitchen wait own child different.,351.64,2.63
26-05-2024,Bills,Cash,Dog quickly out prove resource view.,475.85,0
15-01-2025,Groceries,Cash,Interview represent run eat rise keep officer.,173.82,0
26-02-2025,Investment,Cash,Light research member say picture.,390.58,0
02-02-2025,Transportation,Cash,Yes husband industry rich work.,449.59,0
04-06-2024,Bills,online,Growth ground sea.,465.57,2.41
11-09-2024,Groceries,Cash,Along instead wall environment rate beat right leg.,219.75,0
14-11-2024,Investment,Cash,Card treatment bit program focus show.,22.03,0
31-03-2024,Subscriptions,Cash,Them education rate baby language sport edge former.,467.34,0
23-02-2025,Bills,Cash,Then on half suggest attack great girl.,243.87,0
20-04-2024,Statioary,Cash,Effect political possible old ago.,116.94,0
23-09-2024,Investment,Cash,Writer use shoulder probably around onto recent.,400.36,0
05-05-2024,Statioary,online,None produce air.,328.9,7.07
22-05-2024,Transportation,Cash,Arm rest card answer majority light.,226.11,0
12-03-2024,Investment,online,Probably dark health specific.,248.33,2.21
25-03-2024,Groceries,Cash,Part goal third yes too.,235.97,0
02-12-2024,Groceries,Cash,Kitchen I black nothing second.,112.9,0
04-10-2024,Investment,Cash,Administration consumer degree about news.,156.39,0
01-10-2024,Bills,Cash,Expect executive yourself other drug.,39.7,0
30-05-2024,Groceries,online,Step trip believe.,452.66,2.15
09-11-2024,Subscriptions,Cash,A parent week direction.,368.87,0
31-07-2024,Transportation,Cash,Other between ground.,177.94,0
14-03-2024,Transportation,online,Face really tell run give.,98.8,8.95
24-01-2025,Subscriptions,Cash,Do notice fear power even moment.,342.86,0
17-03-2024,Investment,Cash,Show research chair.,33.33,0
20-11-2024,Investment,online,Court later she modern might power.,140.78,7.45
10-02-2025,Investment,online,Culture of but agree.,229.16,9.4
30-07-2024,Groceries,online,Light he most purpose after.,444.1,9.16
25-08-2024,Investment,Cash,According authority face address much compare general.,398.78,0
26-04-2024,Bills,online,Three west because various account certain.,24.46,0.35
23-01-2025,Subscriptions,Cash,Body soon keep decision middle require thought number.,214.8,0
22-08-2024,Bills,Cash,Station method sit.,251.49,0
01-08-2024,Groceries,online,Remain pretty scene paper.,415.85,2.05
31-03-2024,Groceries,online,Action service minute.,482.99,5.54
27-11-2024,Subscriptions,Cash,Radio deal force himself might business mind.,50.46,0
07-03-2025,Bills,online,Current fast local rich.,422.09,2.1
13-06-2024,Subscriptions,Cash,Amount guy job center send try treat work.,75.61,0
31-03-2024,Statioary,online,Leave example issue him throw article world.,378.52,9.53
17-11-2024,Transportation,online,Church dog evidence ten police.,201.15,8.72
17-01-2025,Bills,Cash,Effort age tax area hotel.,422.89,0
13-02-2025,Bills,Cash,Miss reach source mouth.,406.49,0
24-10-2024,Bills,online,Scene institution next.,84.74,8.52
27-02-2025,Investment,online,Something within cell fall task arrive.,280.83,9.95
27-01-2025,Statioary,online,Represent little meet hear enjoy line center.,80.94,3.22
29-04-2024,Bills,online,Direction Democrat reflect Democrat total forward machine.,54.26,9.48
12-05-2024,Transportation,Cash,Mention hear something away west even mention none.,251.97,0
12-12-2024,Statioary,online,Something can probably deal.,496.94,1.15
23-03-2024,Groceries,online,Maintain try trip American.,378.18,8.28
26-09-2024,Statioary,Cash,Police bank fire table.,54.62,0
28-04-2024,Groceries,online,Consider past foot hit art outside.,375.59,0.95
24-10-2024,Transportation,Cash,Board real exist loss stock front final.,231.95,0
08-09-2024,Statioary,Cash,Public marriage garden phone father decade without her.,22.35,0
01-02-2025,Bills,Cash,Meeting role effect stuff.,184.69,0
06-11-2024,Statioary,Cash,Member model religious there carry discussion.,408.02,0
18-04-2024,Bills,online,Phone place stay.,171.57,3.05
12-08-2024,Statioary,Cash,Pretty perform local bill list place hand.,173.61,0
28-04-2024,Subscriptions,Cash,Create short health system affect themselves.,73.4,0
21-03-2024,Groceries,Cash,Material base ball region.,68.16,0
15-10-2024,Statioary,Cash,Affect voice character.,298.26,0
14-06-2024,Investment,online,Seat allow smile six tax.,419.9,7.67
25-05-2024,Bills,Cash,Never know this me bar.,394.12,0
02-12-2024,Investment,online,Building financial card court would.,243.86,9.15
28-10-2024,Groceries,online,Several me suddenly parent exactly.,27.2,4.23
08-07-2024,Statioary,online,School one leader result stay enjoy usually economy.,185.61,4.23
09-04-2024,Bills,Cash,Near even expect.,432.93,0
23-05-2024,Bills,Cash,Least authority baby part night common statement.,19.03,0
18-12-2024,Transportation,online,Deep old education prove.,378.13,8.81
16-08-2024,Groceries,Cash,Himself standard share cover data.,264.24,0
27-04-2024,Transportation,online,Today into full thus.,430.09,5.49
07-08-2024,Statioary,Cash,President tough article over way couple program.,77.19,0
30-06-2024,Groceries,online,Citizen move southern glass thought blue she.,310.96,0.35
14-11-2024,Bills,online,Age bad behind production adult.,364.4,1.43
31-08-2024,Subscriptions,Cash,Form family total inside direction about huge.,139.5,0
02-08-2024,Subscriptions,online,Rich fact middle nor talk position.,206.89,2.64
14-10-2024,Investment,online,Cause itself tough.,224.43,4.33
27-08-2024,Subscriptions,online,Able fund event.,437.66,4.1
28-08-2024,Groceries,online,He animal method example try away trip.,188.22,6.26
11-06-2024,Groceries,Cash,Culture difficult believe inside.,10.37,0
06-06-2024,Transportation,online,Those they computer he bed career require.,19.95,0.39
02-03-2025,Bills,online,Rule total project stock.,359.46,1.19
08-12-2024,Statioary,Cash,Road nearly player.,473.94,0
12-01-2025,Groceries,Cash,Table above professional.,494.5,0
23-03-2024,Groceries,Cash,Large current yeah data.,289.93,0
07-05-2024,Subscriptions,online,Risk almost consider radio they.,58.66,1.16
10-04-2024,Groceries,Cash,Same understand shake heavy concern child agent.,405.93,0
02-10-2024,Statioary,Cash,Smile while position citizen central.,239.98,0
15-10-2024,Statioary,Cash,Just opportunity factor truth forget inside knowledge remain.,162.33,0
21-02-2025,Groceries,Cash,Wind must wind war.,127.13,0
01-08-2024,Transportation,online,Receive low leader case community.,402.16,8.4
08-01-2025,Subscriptions,Cash,Since play system seat young however.,26.97,0
29-12-2024,Statioary,online,How finish bad skin line run meet.,137.22,7.54
20-06-2024,Subscriptions,online,Need look task myself actually say lose.,232.94,3.1
04-10-2024,Subscriptions,online,Close wish serious.,408.4,0.28
25-03-2024,Subscriptions,Cash,Election rather detail surface scientist term recent.,355.37,0
30-06-2024,Groceries,online,Deep reveal major whether exactly his way.,77.63,8.46
24-03-2024,Investment,Cash,Voice southern ask challenge term.,367.09,0
24-06-2024,Statioary,online,Guy level station test bring kitchen last.,326.24,0.81
28-07-2024,Statioary,online,Learn bring follow north.,325.69,8
23-10-2024,Transportation,Cash,Small myself wife as laugh on under.,230.2,0
16-03-2024,Transportation,Cash,Understand face tend big glass will accept.,260.69,0
04-09-2024,Groceries,Cash,If woman dark black would current.,68.96,0
26-02-2025,Investment,Cash,Book continue worker art.,236.33,0
17-11-2024,Statioary,Cash,Box media sure series mouth because.,136.59,0
20-03-2024,Bills,online,Himself stay low region.,460.14,3.41
03-05-2024,Statioary,Cash,Easy need heavy his understand financial throughout.,103.56,0
04-07-2024,Transportation,Cash,Government pull moment either own question put.,460.24,0
16-12-2024,Investment,Cash,Consider think unit design adult.,346.24,0
25-07-2024,Groceries,Cash,Those history writer recently them.,296.27,0
01-05-2024,Subscriptions,Cash,Grow military discover director energy.,225.96,0
10-05-2024,Transportation,online,Check close trouble though future.,237.8,3.15
21-04-2024,Bills,Cash,Important practice sort much.,267.5,0
11-12-2024,Groceries,online,Yeah soon hair product hospital market.,135.49,8.32
07-09-2024,Groceries,online,Name which two light.,115.48,0.69
05-09-2024,Transportation,online,System within information.,122.8,9.39
02-09-2024,Investment,Cash,Model happen lay resource number use.,291.38,0
02-04-2024,Bills,Cash,Speech pressure growth.,436.14,0
22-10-2024,Statioary,online,Difficult majority similar director test wish area.,19.51,7.93
22-05-2024,Subscriptions,Cash,Suddenly today analysis exactly although spring account.,415.09,0
05-05-2024,Bills,Cash,Hundred common today according.,108.1,0
31-12-2024,Transportation,online,Radio much full company personal.,469.39,3.02
14-12-2024,Transportation,Cash,Push country age Congress by size.,181.08,0
06-12-2024,Investment,online,Spring fire to outside trouble course build.,251.03,0.57
08-12-2024,Investment,online,Indicate room minute treat foot.,33.4,1.24
29-10-2024,Investment,Cash,Fund recently team still although more note.,445.43,0
03-07-2024,Statioary,Cash,Practice listen company walk need visit.,394.67,0
27-06-2024,Statioary,online,Structure few where friend still science reveal.,162.32,7.11
18-01-2025,Investment,Cash,Yard statement within senior speak but laugh case.,458.01,0
05-09-2024,Subscriptions,Cash,Near today medical manage language.,282.96,0
26-09-2024,Transportation,online,Ask ahead major.,385.51,2.26
29-11-2024,Investment,Cash,Collection get unit picture appear.,443.58,0
23-11-2024,Bills,online,Speak dinner film when ball.,198.39,9.09
17-11-2024,Transportation,Cash,Rich wear fly fund for entire.,238.05,0
28-12-2024,Groceries,online,Race international admit policy carry lead.,402.15,4.15
01-03-2025,Investment,online,Hundred position spring read get speak.,447.56,8.97
28-08-2024,Groceries,Cash,Simply world American inside late language affect this.,472.39,0
01-11-2024,Investment,online,Left site college process traditional.,191.74,2.04
16-08-2024,Statioary,online,View former such.,365.94,0.7
14-06-2024,Transportation,Cash,Magazine nation send also.,55.09,0
08-02-2025,Transportation,Cash,Pattern future help.,367.62,0
19-01-2025,Investment,online,Magazine issue account despite culture others.,377.51,8.96
18-08-2024,Bills,online,News better in suddenly most upon force accept.,465.92,0.68
24-07-2024,Bills,online,Within total improve movie company.,448.45,0.46
05-01-2025,Groceries,Cash,About find customer themselves.,343.98,0
25-08-2024,Statioary,online,Glass reason language hit offer son sense.,81.28,3.75
10-07-2024,Groceries,Cash,Agency suffer finally ground then.,400.28,0
13-07-2024,Investment,Cash,Machine fill positive just.,340.14,0
17-01-2025,Groceries,Cash,Clear product avoid consider get stand.,393.1,0
19-07-2024,Transportation,Cash,Country mind rule environmental.,229.06,0
09-01-2025,Subscriptions,online,Sport south mention machine increase build.,88.17,1.97
25-10-2024,Transportation,Cash,Floor could occur couple cost.,175.82,0
20-10-2024,Subscriptions,Cash,Single determine around card it here.,65.88,0
09-12-2024,Investment,Cash,Continue another there suggest hit even.,453.28,0
03-06-2024,Transportation,Cash,Meet long science why we miss personal grow.,432.24,0
19-12-2024,Groceries,Cash,Thing usually bring cold system if.,439.58,0
20-07-2024,Transportation,Cash,Meeting next window huge good.,378.03,0
04-06-2024,Bills,online,Continue professional oil compare laugh change describe seat.,158.21,7.71
02-05-2024,Transportation,online,Course dream hot.,139.5,9.85
19-06-2024,Bills,Cash,Lawyer detail small seek.,69.87,0
31-07-2024,Subscriptions,online,Dream popular economic.,195.11,6.42
26-11-2024,Subscriptions,Cash,Race type decade event.,149.43,0
07-10-2024,Subscriptions,Cash,Top grow tough throw take.,415.78,0
21-10-2024,Investment,Cash,Section design performance although across while scene nice.,323.28,0
29-04-2024,Bills,online,Mr activity represent research whether industry safe.,497,1.8
21-07-2024,Investment,Cash,Degree social sure nice myself.,382.8,0
29-12-2024,Subscriptions,online,Arm relationship appear situation.,396.26,9.92
24-04-2024,Statioary,Cash,Join lay agreement cultural heavy already.,91.57,0
02-02-2025,Statioary,Cash,Population radio admit particularly.,440.05,0
09-09-2024,Groceries,Cash,Popular service language federal heavy recently say three.,248.1,0
22-10-2024,Transportation,Cash,Eye necessary professor consider data.,83.87,0
14-11-2024,Subscriptions,Cash,Idea heart debate history.,283.58,0
17-04-2024,Groceries,online,Beat decide crime particularly.,97.36,3.77
18-06-2024,Subscriptions,online,Out although minute single.,298.56,7.91
19-08-2024,Groceries,Cash,Environmental type his consider focus interesting.,448.76,0
16-05-2024,Subscriptions,online,South each often really sister story media into.,31.37,6.16
16-05-2024,Statioary,online,Maintain three threat provide.,315.03,9.91
01-06-2024,Groceries,Cash,Reflect second bag seat myself risk firm.,226.66,0
16-09-2024,Statioary,online,Somebody suffer yes role among.,282.52,7.23
16-09-2024,Subscriptions,Cash,Mind culture try nature especially society.,251.61,0
08-05-2024,Investment,Cash,Police group indeed operation nice traditional continue.,389.41,0
19-07-2024,Bills,Cash,Yes whose grow purpose report scientist.,387.62,0
13-11-2024,Subscriptions,Cash,Himself art worry bit season each.,362.51,0
01-02-2025,Statioary,online,Expect scene tough growth difficult century.,499.73,4.89
21-06-2024,Transportation,online,Our enter rather language.,393.41,6.86
17-04-2024,Investment,Cash,Director long save because also crime writer eye.,209.8,0
03-10-2024,Bills,online,Strategy significant star task federal happy.,473.01,6.72
20-12-2024,Investment,Cash,Arm heart chair instead.,200.75,0
27-12-2024,Transportation,online,Will executive claim none learn site.,432.46,2.52
03-09-2024,Subscriptions,online,Line conference as but chair.,433.73,7.48
31-10-2024,Transportation,online,Figure budget pick into.,155.13,0.37
25-06-2024,Statioary,online,Mention north simple those teacher stage discuss.,193.59,6.28
08-03-2025,Transportation,online,Strong success lay how those during use.,228.82,7.88
03-06-2024,Statioary,online,Suffer her city size.,132.27,3.94
04-02-2025,Transportation,Cash,Form interest economy how various whom.,138.58,0
16-03-2024,Investment,Cash,Option notice yeah court program activity argue.,54.59,0
09-06-2024,Subscriptions,Cash,College may wear Mrs.,466.62,0
22-11-2024,Investment,online,Rule organization career operation build.,40.13,7.59
02-07-2024,Statioary,Cash,Hundred public away black need.,253.98,0
09-12-2024,Subscriptions,online,Method another nature at admit identify newspaper.,332.72,1.32
27-03-2024,Investment,Cash,Power view executive explain new market.,270.08,0
15-02-2025,Subscriptions,Cash,Street organization hope many culture parent.,321.17,0
26-12-2024,Investment,online,Machine star dream opportunity.,157.63,1.28
22-05-2024,Groceries,online,Best why or that PM prove.,439.09,8.11
25-09-2024,Investment,online,Shoulder teacher school sometimes light agent.,28.88,6.79
07-12-2024,Subscriptions,Cash,She bar mind career whatever consider.,412.66,0
10-11-2024,Statioary,Cash,Tough concern short place debate military.,328.72,0
27-10-2024,Bills,Cash,Member rich rest.,16.16,0
14-04-2024,Transportation,Cash,Choose interview drug travel dark draw we.,90.83,0
25-01-2025,Subscriptions,Cash,Stuff top some majority service.,496.49,0
01-04-2024,Groceries,Cash,Stay catch may doctor law evening.,484.83,0
21-08-2024,Groceries,Cash,Somebody white late consider crime.,25.85,0
30-11-2024,Groceries,Cash,Should generation into put about.,133.43,0
01-02-2025,Transportation,online,Stay put turn light board guess.,33.8,5.54
21-05-2024,Subscriptions,Cash,For five have authority protect old.,105.2,0
15-07-2024,Bills,online,Indicate media break health.,42.3,7.39
29-07-2024,Investment,Cash,Wonder sign prevent election above natural difficult place.,304.75,0
18-12-2024,Groceries,Cash,Authority fight strategy economy.,193.32,0
25-10-2024,Statioary,Cash,Evidence sell sound try few.,67.37,0
21-06-2024,Investment,Cash,Wife commercial feeling oil whole what.,259.34,0
14-09-2024,Subscriptions,Cash,Scientist politics prove possible point.,320.24,0
26-02-2025,Subscriptions,Cash,Crime finish thus such.,174.95,0
12-08-2024,Subscriptions,online,Watch make western everybody want.,430.96,5.21
17-05-2024,Transportation,Cash,Conference than skill ready radio truth right.,198.54,0
20-04-2024,Bills,online,Every able near scientist approach.,454.95,1.28
17-06-2024,Bills,Cash,Agreement deep receive trade political our race.,289.26,0
01-05-2024,Groceries,Cash,Remember continue high a.,328.94,0
25-04-2024,Statioary,online,Feel four show bad bring.,127.79,9.27
30-09-2024,Subscriptions,Cash,Development might relationship green show either system.,81.37,0
12-03-2025,Statioary,online,Focus air close mission list drive pull.,484.05,8.3
27-10-2024,Bills,online,Somebody others major rock.,474.83,1.44
14-07-2024,Subscriptions,Cash,System guy follow black indicate.,70.34,0
07-09-2024,Transportation,online,Serve keep prepare be because.,152.47,9.19
20-01-2025,Groceries,Cash,Color student find drop compare probably.,73.11,0
19-12-2024,Bills,online,Find care raise situation.,271.67,3.36
03-05-2024,Investment,online,Himself alone traditional back writer personal.,27.63,2.55
11-10-2024,Transportation,Cash,Leader edge social may put market.,256.43,0
02-08-2024,Groceries,Cash,Memory apply tonight enough return level.,437.2,0
09-03-2025,Statioary,Cash,Simply along defense thing I.,314.41,0
13-05-2024,Bills,Cash,Would note purpose.,139.36,0
26-11-2024,Transportation,online,Will forward above suggest environmental remember.,171.06,9.99
05-10-2024,Subscriptions,online,Teacher serve drive off.,74.78,8.09
01-10-2024,Investment,online,Bag record maintain when.,204.29,5.32
05-12-2024,Bills,online,Wall growth cup theory many movement decide.,211.93,3.07
07-12-2024,Subscriptions,online,Seven fine assume fly.,76.44,3.85
06-05-2024,Statioary,Cash,Art inside scientist black.,393.49,0
31-08-2024,Subscriptions,Cash,Evening tonight just few month.,185.97,0
01-11-2024,Statioary,online,Simply chance approach seat.,273.57,6.24
29-10-2024,Bills,online,Price myself sit.,492.41,1.34
22-07-2024,Statioary,Cash,Middle left later risk.,106.54,0
25-09-2024,Bills,Cash,Them movement soon play those form.,142.01,0
19-05-2024,Bills,Cash,Both manager itself north score.,179.53,0
10-02-2025,Transportation,online,Someone represent everybody.,131.43,6.7
11-02-2025,Transportation,Cash,Hope most final identify.,355.7,0
29-05-2024,Subscriptions,Cash,Point write answer environment successful most.,266.16,0
10-06-2024,Bills,online,Outside often while democratic.,249.56,8.02
16-01-2025,Groceries,online,Sign list send make by bad ten.,354.61,7.08
26-08-2024,Groceries,Cash,Really people candidate argue east first raise.,421.33,0
08-05-2024,Bills,Cash,Water use practice recently officer.,249.54,0
05-12-2024,Investment,online,Special see ready conference.,220.44,1.23
21-09-2024,Statioary,online,Role economic high boy out.,217.58,9.68
05-03-2025,Statioary,Cash,Color remain hospital near.,367.67,0
26-08-2024,Bills,Cash,Movie race Congress blood too into.,14.9,0
25-05-2024,Investment,online,Against know life question expert.,160.04,6.17
16-03-2024,Groceries,Cash,Control sure health Republican medical second your.,102.72,0
11-10-2024,Transportation,online,Investment interview very pattern president money not else.,176.8,5.09
10-07-2024,Investment,online,Detail community real.,291.91,7.46
30-12-2024,Groceries,Cash,Size visit put plan possible.,347.29,0
28-12-2024,Statioary,Cash,Son scientist professor phone style maybe citizen.,353.84,0
26-11-2024,Bills,Cash,Yard all of.,370.55,0
13-03-2024,Statioary,online,Particular beyond check agreement.,68.2,7.4
10-12-2024,Bills,Cash,Response between doctor security majority stay must training.,478.69,0
15-07-2024,Subscriptions,online,At owner miss avoid across enter civil.,445.02,7.68
19-04-2024,Statioary,Cash,Thought main marriage certain use.,353.99,0
17-08-2024,Statioary,Cash,Company bag skin body a.,59.92,0
07-05-2024,Transportation,online,Week play call nothing.,158.24,2.87
29-07-2024,Subscriptions,Cash,Particularly election chance together opportunity without.,36.64,0
17-11-2024,Transportation,online,Visit role affect thus seven series yard.,241.76,6.21
01-07-2024,Groceries,Cash,Book phone adult from future allow.,384.66,0
03-03-2025,Groceries,online,Run early say.,246.07,5.89
14-08-2024,Transportation,online,Choose history huge up nice.,277.31,9.76
25-07-2024,Statioary,Cash,School allow baby plant economic produce.,52.79,0
28-11-2024,Investment,online,Book shoulder edge house per him professor.,300.98,3.67
30-06-2024,Statioary,Cash,Degree then forward what view throw.,315.09,0
13-06-2024,Subscriptions,online,Doctor own even very.,485.14,4.12
15-01-2025,Statioary,online,About smile order despite thousand enter.,156.76,7.97
08-02-2025,Subscriptions,online,Idea system approach nearly near.,146.53,4.21
29-01-2025,Statioary,online,Will maintain production worry population each coach.,111.65,5.95
07-03-2025,Bills,online,Above score maybe spend.,237.37,3.87
01-03-2025,Subscriptions,Cash,I happy professional life guess leave level.,437.84,0
20-05-2024,Statioary,online,Late establish source hard almost cultural evening then.,236.7,6.39
04-07-2024,Statioary,Cash,Newspaper foreign southern forward.,265.89,0
27-03-2024,Statioary,Cash,Far young source with scientist field true near.,209.02,0
27-10-2024,Groceries,online,Age business write.,29.79,5.4
14-03-2024,Statioary,online,Understand including ten at better.,324.38,0.69
11-06-2024,Groceries,Cash,System tree wind edge.,49.87,0
18-12-2024,Statioary,online,Support vote course budget easy present happy.,192.62,9.74
28-08-2024,Bills,Cash,Main general join every.,38.33,0
25-05-2024,Subscriptions,online,Lot candidate represent foot on quickly.,155.27,5.23
16-07-2024,Statioary,online,Travel eight environment as.,74.28,8.48
08-03-2025,Bills,online,Manage order democratic music station.,473.51,6.65
30-03-2024,Statioary,online,Member near expert body difference that home.,288.95,7.55
28-04-2024,Statioary,online,Main bar party challenge forward heart door PM.,290.71,7.31
21-11-2024,Groceries,Cash,Data program letter hour its.,200.7,0
06-12-2024,Statioary,online,Night city information up public entire.,357.08,0.16
05-11-2024,Statioary,Cash,Pay allow condition.,147.51,0
12-12-2024,Statioary,Cash,Support already those show past.,460.55,0
27-01-2025,Transportation,Cash,Model five until.,232.72,0
01-04-2024,Transportation,Cash,Visit history take draw admit what.,116.16,0
06-06-2024,Investment,Cash,My also mouth beautiful.,273.88,0
15-06-2024,Bills,online,Though create accept research.,83.85,2.43
19-11-2024,Groceries,online,Language against allow campaign field.,33.36,7.24
05-06-2024,Groceries,Cash,Country where agent soldier party.,188.75,0
02-09-2024,Groceries,Cash,Sort realize ok manager ahead month something.,362.68,0
09-06-2024,Groceries,Cash,Late cover member fund record that.,185.3,0
29-11-2024,Investment,online,Section color garden training economy behavior that.,124.64,6.19
18-04-2024,Groceries,online,Nor cause contain save good.,119.36,8.51
30-05-2024,Subscriptions,online,Person discover recognize prepare economy simple final.,36.73,0.98
14-04-2024,Bills,Cash,Direction sound why reflect anyone today.,392.62,0
12-04-2024,Subscriptions,Cash,Red focus pretty brother professional several.,306.51,0
25-01-2025,Subscriptions,Cash,Simple open source itself whatever yard use.,238.91,0
28-12-2024,Groceries,online,Since natural cold bad goal effect.,25.65,0.61
